UFCSTATS_BOUT_ID,RED_FIGHTER_ODDS,BLUE_FIGHTER_ODDS
26ad51050ea55600,1.291193981,3.81
cfca060f39db1742,2.868333333,1.441744748
1197b94bb4b56cc2,1.738271605,2.108333333
db68ff7bf2487971,1.400189119,3.025
74c98716b4a74a3d,3.593333333,1.302368632
0e37ea649c51fba9,1.702635683,2.178333333
524ce5c0d6db74bb,1.296663693,3.743333333
f9b600343a31227b,2.907142857,1.422429262
d98d5a3800cd21fb,1.328862011,3.485
fc0d77057ec806fe,1.47458471,2.752
e1c333892d395a35,1.594900241,2.442
c4b0ef8f42eecbcc,2.438,1.596104517
804eff79a58ad250,1.253542021,4.072
3957d820e11275f7,1.263222912,4.054
d9decf169a2da676,1.574255109,2.441428571
b5bef60f79b38e69,1.130287435,6.6275
d470bb3cb98d9ed7,1.720363195,2.132
20fc3b3ab2d2fecf,1.521450021,2.591666667
c5f56797c68ecbeb,3.218333333,1.36811805
d9a8d19107d2bd9e,3.042857143,1.390413943
7929542a0003799f,2.8,1.449047604
bb6eacc986791dcd,1.175336801,5.005714286
dd47c3359dc1b7d0,1.26478174,3.865714286
8f560a1fa19c122a,1.355280296,3.238571429
f0b42c9e55025ad3,2.33,1.62325265
fc6d1396755692b4,1.574665691,2.432857143
d036a7aeab47cf8c,1.520189124,2.562
5182daf3d8726f6d,2.53,1.595322466
bcf49463525efbee,1.204112097,4.586666667
825aa322af15780a,1.234241687,4.34
8b15591a73aa7eb0,1.314134258,3.492
029cd254fe02d4b8,1.163274692,5.322857143
04476d021385a621,1.445953256,2.794285714
50325e08203fedbd,1.679610482,2.2175
65352762d807cd59,2.373333333,1.605747341
a53b8686b748849f,1.680878311,2.221666667
30aa9b4d266eb622,3.052857143,1.385779721
53e9e8fefa2c2f42,1.526347154,2.57
f35b859289fba80e,1.151441794,5.615714286
b89dea8c3e6bba6f,1.135874945,6.022857143
6ca284a75c21c2e0,1.1330795,6.18
9103686732816d77,2.585714286,1.512953352
10b19bb48aadc6bd,2.975714286,1.395672148
089dd2e0cc6395fa,1.613238474,2.341428571
dbe6c361530958bc,1.653686369,2.459686411
78f46acac9223859,2.393333333,1.62963699
190c61d5a67018b5,2.731428571,1.468353455
362f78f23304c6f4,1.503649945,2.673333333
be38ed9ccfe2ee03,2.861666667,1.436967096
eb1b371dfc37fcdb,1.425000602,2.883333333
219bd976b8ca745d,2.263333333,1.655742357
af178adff964d854,1.55781571,2.526
96da5813683649f5,1.604718403,2.39
920194911d727a38,3.933333333,1.261343642
df3b75809b7fe252,1.199320921,4.5775
8153c30fad5b2ad8,1.309743,3.78
b675c94f20551631,1.365501406,3.16
6ae2cd7feede5a33,1.30427301,3.505
67948da92e6c9bdc,1.205114701,4.551666667
628d02b6046d5f73,1.497396053,2.625714286
1d00497a573d7f4c,1.32263693,3.427142857
b376a6fb0ca4862e,1.585510193,2.43
02d2da0420fbdd39,1.438425197,2.825714286
004b9368337d3cd6,1.417907125,2.898571429
03d30a534dee8ac5,2.192857143,1.684411837
e57d1260201e5101,1.1344542,6.108571429
bd5edc0bfa0db8c8,1.498162482,2.648571429
c5bef3da17e595ee,2.27,1.647696619
6baa381a75582d98,1.541376097,2.514285714
c9d3ccbfef600989,1.398578464,3.03
8a8400c6c42df59a,1.461293743,2.675
96c95cff535291d9,1.414786136,2.9275
b976eb99de0f63ca,2.2,1.66583394
f8f73efa2d4cc566,4.433333333,1.214814815
94f880f25dd011cd,4.3525,1.222294176
4a482ad5b021bb25,1.414265537,2.9525
0fe3681eb934bdc3,2.521666667,1.540915263
171007deb1cc56aa,2.768571429,1.456302029
ff872fa3e9ec32a9,1.820917679,1.958780524
761681c1ab0fdead,1.274598087,3.8775
b3a3341a5db2d484,2.626666667,1.497552886
0700b74037329215,1.642760497,2.285
5288ef3edf1eda6e,1.859863946,1.90418174
6aee27cc2610b56a,2.276666667,1.646591915
98a1121ffbc47657,1.699551891,2.168
688c8b695e521ce8,2.641666667,1.492063492
61d89b0cb175430c,1.432906585,2.858333333
7ddaf46a81b7e616,1.525078779,2.563333333
31c2d8648b06a001,1.20659414,4.552
0064bbc554d85421,2.406666667,1.596558106
98b1ee14ad4ea1c6,2.5,1.549122831
bcefcb29bec709d6,2.984,1.40679351
66f0238fac31130f,1.687626503,2.188333333
13858ffdaaef5671,1.454753995,2.802
bbe3d2a2ad8d204e,1.19754386,4.7
61f0ceb980c1ae81,1.331454953,3.411666667
ac82d28aaa5faaf0,1.324143798,3.425714286
51b0cc51799e7d5d,1.43781844,2.8
6760e48a36571feb,2.097142857,1.733364354
ae674ec42bd0a979,3.211666667,1.369934791
62f487635d7a9bb0,1.429051589,2.908333333
82f2afc6d7db44f3,1.368766555,3.146666667
8d26509990b6e518,1.451813411,2.815
f8b6468621db85ca,1.632239318,2.326666667
b9b8509c568dc144,1.25189555,3.998333333
403bed9fe983b10a,1.675759597,2.235
51ae1d8a663ae1fe,3.385,1.33291625
333c9e6f3cc8f91e,1.326999544,3.404285714
9f14f080b08e6869,1.63715195,2.291666667
512f2d10f92d0d36,1.194713901,4.821428571
4eafb2657c3781f5,1.216548661,4.376666667
204fe39cf94f45dc,1.380804531,3.101666667
c92a4fe402579c49,1.298238285,3.584285714
c5e0e4ee11903076,2.818333333,1.447129088
4f7a7a0b67f085b3,1.190607583,4.73
e2a61ec3bc83da98,2.172857143,1.684912311
31362d9ea15127b2,1.395200559,3.001428571
c2fd7ee22721846c,1.641912664,2.31
e915c1987050eac8,3.572857143,1.303085758
b2013a8b4ed68c8d,1.42299441,2.912
a23b4817f0b773c8,1.267002045,3.888
9a596aaa2b9a18db,1.925826087,1.873036171
81734d11cb6a8ebb,1.608493288,2.38
0568994b8323d640,1.24189946,4.118333333
976f7f5e7537c62b,3.393333333,1.33778947
cafb86764ea92268,1.262717357,3.886666667
b74ecc368d3ecbc4,1.629943369,2.308571429
a34dc525a16ce375,1.47945258,2.672857143
c5574b79e31a1b2b,1.404168238,2.993333333
3e126f482e9a84b8,3.088,1.397745565
1992dcae0699200e,1.788991543,2.010833333
2822230000000000,2.7125,1.485587583
d23b05f33b741c47,1.375642838,3.14
f6ea148cfeb1aaf7,1.135860485,5.52
43e8fcd8e4d015fb,1.265489345,3.98
830bf05d0ee635a1,1.781451346,2.014891304
505d3d9b006014c8,3.0975,1.38236532
3818a33c9103c88f,3.0475,1.389748546
d460961065f1198b,1.619815923,2.312
9fc232c3829a1ef0,1.47985432,2.657142857
757c11f17278b06a,1.483705638,2.698333333
9b8c29f50d452025,1.617335091,2.368333333
cd5336ef8b2329f4,3.386666667,1.342283722
194f8d501f318ada,1.588291712,2.418333333
550daf3853d050ba,1.13900524,5.901666667
0510d12ad43ede89,3.635,1.300398289
cc9cabc1fc747aaf,1.322088573,3.462857143
f24db9d7c3636a2a,1.281620351,3.744285714
781017bfa44d4058,1.966740878,1.812700414
01d71345ba7ea6f9,2.5325,1.548344611
1776c84e3d22d7cc,1.455334062,2.765
cfbeeffd65101ae1,2.86,1.440214107
854c64fe481e65ee,1.498905407,2.668333333
34d1bfdde8ea3e11,1.292562262,3.685
80fd1902547e0744,1.290538397,3.685
3feb2a8de9cf37da,1.218690302,4.321666667
d5a0e8c67ed8abe0,1.380088751,3.065714286
af4cbb9072814a86,5.58,1.145330128
27868eac1d141498,1.413972854,2.921428571
64da1f4774624b72,2.235714286,1.65282459
2281dea0c5903a2f,1.147171682,5.787142857
b34fb9e15fbd6b3b,1.496481691,2.631428571
8191b8edfde3b9c3,1.815596563,1.987168387
9e99536eae6d709b,1.698964086,2.158571429
958bd435389dd12a,1.962256998,1.817888795
bfd846ad4d597bbb,1.419255804,2.908571429
e94d7bfb0c92e30d,1.250524109,3.972857143
c739195deef32b45,1.511376067,2.621428571
821c27f0dbb27e86,1.481825562,2.698571429
75577b11361cb645,1.709880957,2.141428571
2f736846aebbf12d,2.422,1.596510885
c4e16d57dd9a1b39,3.51,1.325794168
79298011365a6d90,1.2489103,4.012
44c9ca6a502db390,1.972409036,1.819393584
ecfe522e5f1e766b,1.27492894,3.876
d90567f7d4372160,1.792356898,2.016207416
83406cd29d3c2d0f,1.629857429,2.336
d8f64b001cd590fa,1.29923584,3.692
0f235698600c962e,1.243053035,4.08
11c3035dd9104e50,1.407007959,3.022
bacb62c4f2058fd8,2.043730159,1.776306027
52e07b6540fad19e,1.88172781,1.907045986
09b36c7157770516,1.998389234,1.811693624
59bd4e83d8f846ee,1.158078386,5.51
edeba52fc9b2855f,1.255815506,3.998333333
ec8ad2966a6816b3,1.316241135,3.535
0b58bd40373b1811,1.917656474,1.873338556
f7cd0a90da3be3b2,1.343935086,3.38
e65da830a1928fe6,2.628333333,1.510987445
86b8419f22f398c0,3.993333333,1.244984128
8add23232cdb36ee,1.413974408,2.99
f27bf6f21410547f,2.385,1.609904044
539eff1fe2fb39ba,1.245373348,4.072
59e653313c871c3f,1.286839609,3.862
4918b7e3600f67a1,1.251970043,4.048333333
b3f4583109b429af,1.316635985,3.566666667
c62d5962b99938de,2.108730159,1.739699381
b8927a3a2735acb0,1.641534392,2.315
02c54d382fb1c347,3.956666667,1.265121483
041dd0fae4650970,2.05047619,1.775840456
f046dfa306dc7acb,1.593369364,2.38
5a3b530c73106c5c,1.356204867,3.201428571
4da34f2980b5c58d,1.714544526,2.123197279
e9658a79cfaafbb1,1.192944771,4.758571429
20b84b2cbfb92dc7,1.405436202,2.951428571
e90dd017386025c4,1.67210522,2.224285714
591e7797363a6c89,3.272857143,1.345896523
dd5f7a14f5782f79,1.230780486,4.154285714
396214fd188c2549,1.249907928,4.122
cb7cfa8b9900878f,1.771012161,2.052063492
fb7d31b36bebc5af,2.527142857,1.541393094
1cb28e867dd749b8,1.357920108,3.232857143
08f5bdfe45082ec5,3.601428571,1.297835734
e6dd15ef9fd7927e,1.773166299,2.032597403
c598261fac8cf23a,1.153344703,5.48
92e9c53671ac8fe7,2.020808972,1.779462881
aa161809e78bef96,1.427815166,2.885714286
afb9d3476c5caafa,2.486666667,1.556100788
41b9240c854b0956,1.364913824,3.214285714
a158e4ff7ea93d43,1.573722288,2.48
e4420b9812501c17,1.759068569,2.002272727
26888b89fbd860cf,1.452659672,2.785
c9721146eba68c2a,1.865787699,1.905177489
6a663c04dfe5b88e,2.221666667,1.671999586
14c3447726332f2b,1.497777893,2.632857143
0a1f2e1f9d91bc9a,1.442508968,2.811428571
868833557ae90877,1.30471313,3.494285714
df7f3c60c523ca55,2.185714286,1.680415072
2d80f60b67791b97,1.156779487,5.38
83c5a944258d2332,1.532040328,2.543333333
cdfaa6f4154a0ee9,1.300755565,3.522857143
0d395cb5d91f811f,1.916055025,1.859520986
d89b849df7bff79b,2.294285714,1.626129823
95c229097cd2d7c3,1.35394296,3.187142857
0bf249717dacc5c3,1.401170154,3.013333333
fd05ac3ac2f7d042,4.787142857,1.180112367
995d42d9ff422ed1,1.356688018,3.2275
c1b0670419fa0894,1.327761363,3.408571429
9379672d351808a3,1.856573071,1.920514454
56aac937d9f1d13a,1.303081895,3.602
21b02cb26307ac0f,2.866666667,1.439810367
731a3120fdffa44c,1.182096477,4.757142857
39b79764bbac93cb,2.161666667,1.708682416
d9d7e8e9149e61b1,1.50598872,2.605714286
31535a79c5959be8,1.335812455,3.411666667
789a8911fcd6de13,1.563360353,2.51
798ca95afb5875ef,1.613507842,2.366666667
1df12710cfdb60f4,2.182857143,1.68961062
038c472ae3fd7728,2.305714286,1.629389323
011d818ec9bb3de6,1.304975322,3.61
ddc233f8ca7c05aa,1.564706177,2.436
a561360edf66ee6f,1.378234021,3.075
4cffb137402f7bb0,1.665954049,2.21
c642640db89fb033,1.810909823,1.94525927
47e17513aae45a95,1.201718292,4.375
4b9203b86f0aa870,1.338770921,3.27
9c7a67ce1d6a01f9,1.609803769,2.31
33e576af1d064e4e,1.684357525,2.198333333
f1100f1bc6cbb351,1.216325308,4.391666667
a7d42315236560e9,1.23583878,4.333333333
ae68274ab6f78cd8,1.841289839,1.965992939
c6a5ed1127cbc9b9,1.840537241,1.917460317
226de3e7e71f2b4f,2.701666667,1.488898158
bdb62b661d033fe2,1.375387866,3.266666667
06142a1de3bbae75,2.020324362,1.799186304
793432d042384a02,2.044126984,1.774779541
154da5e0d8541508,1.30238632,3.591666667
0bf025d86cc2a409,1.334323981,3.342857143
bcba81de8f082768,1.327586968,3.431666667
1f64e532f942ef57,1.629311884,2.365
d29dd21d8881a0e0,2.485,1.563790681
de84ebe3b8cb8cd3,1.81969064,1.977102897
7291a111058dbf0e,1.166243009,5.326666667
5060770f197e2147,1.639092538,2.316666667
54d14f98d4a83def,1.208656216,4.4775
dd400f38c483f629,2.17,1.69821826
b4bf090eb5c57903,4.051666667,1.237125027
f1423b63d81c88ea,3.842,1.26174649
eb23f3574b656624,3.768571429,1.286161087
1e87e0e4da55c92f,2.561666667,1.538351844
62fbd9d089a9a306,2.581666667,1.523594829
d1e144ce44599f3a,1.379077133,3.154285714
15750dc75b7426f3,1.483391785,2.697142857
f25d324841223f26,1.630414747,2.27
440936f9db783997,1.593584656,2.358333333
cd45a78028039f53,1.227270404,3.95
83314e1ed6f7d94e,1.307489964,3.416666667
bb0794053766a866,1.553529354,2.46
0d09e95e85efad69,1.295133053,3.48
11ca5d09db47708b,2.69,1.499916895
cfacff39c9f3b2f9,1.519164687,2.588
df28f8cb5a12ec8e,1.445750058,2.806666667
3b44d0179f94726c,1.26467041,3.83
09e7db36cd72bf61,1.508461568,2.58
fcf3b0d21df10f56,1.669699604,2.234
43712d71cec9bde6,1.378097634,3.131666667
707d6023b8723c5d,1.440749965,2.818333333
0486ad62f7dfd11e,2.018975469,1.779293561
08c5dcd426dea606,1.758702255,2.055396825
a5a5e24f4dd40fbf,3.15,1.374971751
11871325db7a13ec,2.308571429,1.629791266
4ae231bd909ceddc,1.400939798,2.968571429
1d30430af5257347,2.702857143,1.472190798
036bb5b335e93ca8,3.686666667,1.288191852
468d6da7f097e449,1.313521662,3.501428571
55bcf58be822d115,1.701663962,2.125
f8896b43f4ecf861,3.066666667,1.372189279
b6234bf015c80fc5,1.421572971,2.872857143
d9c3d7b09d8df3e4,1.527158738,2.535
6f6158830b01ea27,1.257474556,3.936
f885b95dbb354e3d,4.051666667,1.236307981
15705df8ba8dcbe1,1.413754228,2.908571429
55833bf5054126e2,1.208876697,4.47
6d1093a1c31dab94,1.463219738,2.788571429
b0dfb313364a7c80,1.326174611,3.432857143
8df2751dcbfa0fa2,1.412100287,2.945714286
ea9edb20f527b49e,2.615,1.513665302
8ead66bc1678519b,1.195352094,4.33
5a8c92dfbb16d26f,1.486517995,2.682857143
faec13fd40b6d797,3.96,1.251693866
ef6a0ee848382391,2.572,1.526388241
b71f07f052d0a48b,2.778,1.468037166
a9dc59e90779c1e3,1.606326735,2.43
28037f9be7e0781a,1.937134332,1.874829454
6a61d45818534b19,1.632481766,2.332
de495aa2ec1f1e91,1.301910664,3.74
73a4a092c1850b57,1.404143607,3.078
b0958ed411ae9675,2.251428571,1.652081606
fd292c2a587bb2f5,1.445651597,2.787142857
fa0d393a452c0809,1.516874676,2.59
6ae10aa4c6dc986d,1.357199818,3.295
4d3297af1b7889ba,1.279618137,3.805
2711e57bbef4d928,1.98184265,1.807929961
6d32a829217cf2fa,1.492139802,2.67
3445246f8e3eba24,1.561837785,2.467142857
e3c9c95b67580b9b,2.242857143,1.66323239
39f07708af6ecfc7,2.188571429,1.687597172
2a23f787fff1d837,2.538571429,1.535856969
d6e75e0238d3ad9b,1.615530303,2.35
0454bfbc49e95c16,4.712,1.196556794
4553c3ab494c2d05,1.384615385,3
e83b214695941af1,1.300104788,3.525
7c620723b6840231,1.775287704,2.083333333
c1be2b862f737c18,3.564,1.315643949
b589aba75770bc6b,1.406210893,3.013333333
aceaa32be99719b0,1.237957132,4.076
b4a81d7eb4e42c1c,1.270618696,3.77
1287c631cb74f1d9,1.423212357,2.934
329a097e0b53daac,1.765594667,2.044563739
e314474cb6a7a65c,1.366746043,3.124285714
d359fe8a99250f64,2.202857143,1.669669872
7b06e7f2b34d24b8,1.752161671,2.041428571
92ea4999f99f55fd,3.281428571,1.34178944
42a7d576dc207e63,1.199940837,4.48
a2da03d9c25b49e5,1.828472375,1.963313645
656e1040e6e007b2,1.767355607,2.06047619
b272e9a4ed7a1b23,1.319469025,3.487142857
fd61b04ee64f7f20,1.243039311,4.138
acfa3a3c0d09bb57,3.804285714,1.254349675
2ff09ddaa2b78cc4,1.659099287,2.254285714
ec271393bc31ab72,2.043197279,1.777665485
1298d89922befa8c,2.87,1.416015474
03c2cebad8d8c012,1.764554865,2.020389234
5a9ecff594dc6bb9,2.37,1.591741386
32ae3f0d43babd86,3.2625,1.366352201
d77a72e3fa8db853,2.20572843,1.673727446
5c612d2cc1f5da21,1.226354242,4.265
7a72d7448159fb59,1.282885673,3.74
1238f31a41b78528,1.40251379,3.028
92975b516e6463b6,1.784055494,2.003913043
b4627dd3bb50be2c,1.297640651,3.641428571
e60e53bdc614a0af,1.246886727,4.044285714
b0ee33ab448e252b,1.257030107,3.741666667
964245b54324810d,2.166666667,1.680279526
6c569785225fd2e7,3.708333333,1.266164326
81283a33e907dbbe,3.475,1.304445918
4f36bc6fe119c4ac,1.262765073,3.725
cb510afff3dafdab,1.378969647,3.033333333
b4ebb7576e9745e7,2.591428571,1.515887268
2c07f8ba25640237,1.608158195,2.37
b12d96ba9426b8d4,2.017913043,1.811096877
bf8164367980fcd3,2.955714286,1.410632479
7cdc6fdf983fb412,1.871611629,1.925047275
6f78fc53b8662627,1.189395622,4.76
d66f2c83c26e5b80,1.559956237,2.508
ef8f31b86469a967,4.81,1.18776722
c52e23519279d18a,2.535714286,1.545875142
0c6055509d98ed06,3,1.414764985
fc0f12be6552bfe5,1.439716273,2.88
119b156ded2af0f1,1.754690386,2.118478964
70228adf93b6434f,1.540040881,2.56
31f12d3f95576ef4,2.06136646,1.771120619
9fa3f9f7caf429d6,1.76864119,2.048455703
7f0e469103ab46b6,1.209400268,4.211666667
0b0ba5238399545c,1.395489079,2.958333333
c32b24a24d946893,1.928807845,1.82198628
4182524382590e07,3.791666667,1.247536464
f5affe923c640d0e,1.887546584,1.861675833
f6246d2b9f663e33,3.558571429,1.30254036
5ab4bdec4db84f7d,1.164578794,5.235714286
de2328aa13e5ecdc,3.253333333,1.339517716
3f0826158f87f41d,3.395714286,1.333557405
e246b6a8cd7853de,1.478134244,2.694285714
7e50ae4dbdd380a1,1.761309585,2.000396825
483d934c46351c78,3.036666667,1.374741874
a7c63a2b33049ace,1.287269731,3.591666667
afd5e85676eb697d,1.220098039,4.116666667
8e9f2b82a7b87778,1.284825469,3.6
7f9a1b6d83d08c42,1.943578644,1.803912754
a29236fcb395f443,1.746676629,2.081428571
9172138df0d70cb0,1.46288716,2.748571429
ccac56928fc2b40b,1.211524405,4.415714286
a9bc7915974b7d15,1.505539668,2.632857143
f6d078e9fe7d17c8,1.350022512,3.292857143
0949caefc6735f9b,1.507621244,2.576666667
24e14c4824144c64,2.17,1.670135015
0e05f54d8b66f317,1.233333333,3.85
47245dd345d9ef7e,1.632575758,2.283333333
78b928a602a81971,1.343588195,3.245
41e9da89f349b2bc,1.288339099,3.662857143
9d2c9d2249d4fe50,1.20649328,4.468333333
d7f9a09021a9a13c,1.334498834,3.435
c99370e3e54bd5fd,1.816625475,1.982603049
57dca2ebe96ed622,1.506740151,2.596
f338da998c4fdf53,1.498468155,2.61
db620510bbb3f0af,1.349317388,3.25
c4fa93a4f37a6ca7,3.74,1.273375286
19f615a7a5cfd304,2.67,1.476955603
bad1f36202e2c7d7,1.425407925,2.84
f4641db74fcb8ab7,1.377875165,3.074
d5e0fd3eec76f7e1,1.602922078,2.35
a570acbbcbbd151d,1.661864244,2.266
be72958d9715757d,3.483333333,1.324299523
504b540805598fa5,1.394270153,3.064
5355fd4a2598f679,1.324061966,3.493333333
1a21263dc5d866b6,1.178690946,5.136666667
20628fd4e19a97e4,2.712857143,1.476107996
adddc6e46da5ca19,3.075714286,1.384113557
840863604b38a33f,1.979931973,1.807334591
fb9b03644f559604,1.888717759,1.897217069
1fc065e1d3243594,1.261747976,3.93
2bf24d9c33bb4d49,1.677654372,2.227142857
83a7cc0b0de904b9,1.238261918,4.134285714
5e52b0bf9719f0ae,1.472426652,2.735714286
b091e021e61f1950,1.237902188,4.185
f92e8d6c96306013,1.227476727,4.326
46a7cb6937144ba2,1.62417636,2.311428571
e892b4a03304f2a4,2.844285714,1.433718039
3b0258eb19d66f8f,1.657009153,2.24
0ea087a71863184d,2.607142857,1.50930885
e716f8079c60bc66,1.175084175,5.125
aefca2869c87eb11,2.3,1.643212439
b4d624bdc27dff83,1.413086689,2.96
241a722f3b042c59,1.609874397,2.376666667
ca93e3f69fa3d725,1.955651004,1.845064923
9f6f356a56e4fe6f,2.227142857,1.669391471
a41be337367884e6,1.19383003,4.802857143
dd56acbfb08aa6b2,1.390151294,3.045714286
eb62bfcd3d96a182,1.484688201,2.672857143
f63a647b74359194,1.615549953,2.381666667
2270b89b17067838,2.445714286,1.580847081
9368a80ba62d87e2,1.230878144,4.15
275c22a93bdd84d8,1.972432801,1.824407089
d215c4e6dc1346ae,1.248968071,4.141666667
7aa7b0c5706a0492,1.371221759,3.251666667
43f0495855470427,2.928333333,1.426033204
2059fd17f2ff4e4a,1.434699151,2.851428571
4be101dd6883d9bb,1.683937879,2.197142857
828776734a528b62,1.406622179,2.974285714
103b36a1b9d98102,1.644391804,2.29
0ae251dd5c0b5304,1.353821098,3.264285714
3b8e793ed8151a51,1.250641781,4.018571429
d89e004e3992c5a4,3.987142857,1.254929203
e74e3c2a96fa9c55,1.458126678,2.805714286
5755a68d39867abc,1.66201297,2.288333333
d0e4876ab954d27d,1.142363841,6.254
8afb878a0900372e,2.675714286,1.488859324
9eaea5e0165802d0,1.688939905,2.162857143
713c9b6d0abe5cfc,1.163764937,5.307142857
2e8217f029c25a3a,3.467142857,1.322497414
b32acf1c70321321,2.225,1.67286003
c16403197580e0af,2.892857143,1.422872576
eeb8b25df8543e0f,1.496960642,2.645714286
2328c7832a356a6d,1.43432282,2.84
516868e246064e2b,1.374659161,3.15
17cda9957f96883f,1.265782555,3.89
8d986c9ee38daf19,1.305446288,3.584285714
2fec2ba8ea346a3a,1.384421181,3.053333333
a2e7273a95d5db4a,3.303333333,1.343989444
867904bc58d656df,2.358333333,1.606453168
3a1d4016452477f5,2.445,1.573494369
e1f77d40503e5259,4.833333333,1.188508616
354a92ca4fd824a1,2.464285714,1.569092943
38ea5a7a5b4932cb,1.673157063,2.251666667
5a6861ca6d7fd021,1.240152682,4.14
29c9e57b23116aa2,1.129189343,6.548
63f744d672fbb8b4,1.120102285,6.56
c795c4b7beb89bee,1.590414852,2.448333333
189d14e4e1602c48,1.375781715,3.186666667
d4415f08ba3e017e,2.905,1.428430938
e3846855a38f0bce,4.213333333,1.237549454
59f77a6ecd041dff,1.211337128,4.531666667
351dccf63078a20e,1.173673326,5.266666667
44adac5d05f7e883,1.946119628,1.869854948
19425b506594d5c7,1.94389091,1.870393078
fc2badbeebf85ebf,1.497530121,2.681428571
bb58aad30b58b1e4,1.388922829,3.155
1572dbb2433d2201,1.530994729,2.598571429
5000a0bde6213fd9,1.688330865,2.191428571
6190569c372725bf,1.525691231,2.62
8ba089858a7d647b,1.261012142,3.874285714
655a110a0bd2ea42,1.29079729,3.793333333
3832958c913305f0,1.210428839,4.816
96f51af6a93b94c6,1.798746867,2.029121831
7f35ce1469dab556,1.504285635,2.654285714
26025a42e011229f,5.764285714,1.153406627
094a77eecd56a27a,1.306809262,3.634285714
f89589236dc3cbd7,1.545221799,2.564285714
3046c0d0208a65f1,1.86865774,1.944523465
fcac56089f65d04e,1.963851858,1.824921483
ab7934f39038ab27,3.28,1.352666902
e7cb3f5cb39c33e6,1.290667881,3.704285714
37e2f89510cc0bba,2.794285714,1.453607196
c40fd062610d4e61,1.798730159,2.018656371
72d69e969eda8679,1.453008769,2.801428571
0031c043c9f14eb8,2.222857143,1.67217377
dd7920cac66bed25,1.60721151,2.377142857
11774c581b818e30,1.428129673,2.87
9ae6a6f0f0730fa1,2.435714286,1.582301048
8c3179f0fd62af14,2.013537415,1.788855509
a9da6a31229b136c,2.61,1.52880816
c3e49cc87bd262c8,1.697161679,2.198333333
3657196c2f624138,2.468333333,1.578890759
3eb829eb77256ac0,1.462802255,2.803333333
76ca3d1cefd6945a,1.486772705,2.728333333
256c9a39386f94a9,1.942070707,1.862413332
9b38456520395242,1.550836551,2.551666667
a754766050409638,3.674,1.29800892
13fa791f0772250c,2.174,1.683825273
8c082a3c69e2d192,1.532899423,2.596666667
6e62908d6639dcdb,2.411428571,1.59050129
bb7df9a9c9a69914,2.593333333,1.534273404
458e6de1b9ef3500,1.383106933,3.088333333
16cab4b91e2c8881,2.316,1.665370452
20d28c177a7d43a4,2.545,1.553470764
07ba406a1d0a5a71,1.332186451,3.458571429
b5608e83faac1387,1.550453174,2.515714286
536c26ef4da9ace7,1.465811728,2.8925
4c5a2a3cf2bea222,1.497246624,2.644285714
049659c5a58ebb61,2.78,1.465189174
d9c61052035c9b69,1.726665426,2.142857143
92dea6ff8f0c1b10,1.503129892,2.675
db1c5b5a710fbdb0,3.448333333,1.334983455
a3902e22c10725c4,2.585,1.53379773
26800d759ba50371,1.584521687,2.4975
860954fbe26b867a,2.81,1.454868901
71cb15f6dbdaccd8,2.010396825,1.808514009
a01524699dfa3526,1.320950701,3.58
c0dc7511452ed0f8,2.588571429,1.534535769
743f9df5bdfbcb95,2.69,1.502564103
7949430ebc47f31b,1.153103195,5.9
951d11f8684ed734,1.395028109,3.044
55e12d44e9e524cf,1.514024239,2.61
0072df705378477c,3.97,1.25298374
2592954ad51764b0,1.25423098,4.01
10e35a0667d39086,5.85,1.137222569
57d481c10c842ba2,1.78654455,2.025221219
241a307a9c3d9a21,3.774285714,1.291008738
10fd87a88178aedd,2.592857143,1.53357164
3559cab3329e5431,1.965172846,1.862630204
c92c53954903554a,1.95633863,1.854992137
bcab3ebdc21b0b64,1.213709347,4.613333333
9443197a9e0a22a2,1.36875272,3.225
dacca5ea6be14d08,1.518186678,2.635
18cfc2f58d20c0f2,1.372499505,3.17
65290fc5216c2a73,1.845637645,1.975093795
a5962421d687de8f,1.268119398,3.878571429
17a8fbfbe8d32258,1.491624654,2.76
f484290346cfcf73,1.623617369,2.37
4bb7363bb03628f6,1.441103436,2.882857143
bec66de67818a9b1,1.176165881,5.151428571
3d38022fdcb3b5c9,3.381428571,1.348980414
88ef809a0fde3900,1.365281473,3.201428571
a4bc92bfe82d0547,2.73,1.468795734
f1ffe3ba615ad7b9,2.616666667,1.522407022
2f2ac4c08e763d38,1.605516585,2.378571429
b972f998103731da,1.549270365,2.56
25137d9cc8b47f57,2.056775885,1.763399377
2aeba1cc4004d0bc,3.142,1.386378308
108140213049e629,1.733304491,2.12
a24121c70f773fe2,1.587744882,2.415714286
48db60440ead6f6d,1.419863295,2.941666667
bd057764cb51f065,1.46805351,2.773333333
a8b22e990cba6144,1.588168471,2.47
b30bb2ba5b68a180,1.981839513,1.827988814
c22d25f1febd8d09,1.3321662,3.48
b2717e8f7e7a196f,1.642934354,2.308571429
1733594124569590,1.348614821,3.334285714
8e2e14693e04bf45,1.724998137,2.2225
81b5e933186a685a,2.82,1.45501801
5b986cd7289a0884,2.156666667,1.728219569
7e3679992f2c6ff6,2.504285714,1.563712665
301b145c186635de,1.389654563,3.112857143
8c8d46d89bf899e8,2.964285714,1.408694156
62d4a918256c83e8,1.473123534,2.718571429
676f5091ce2c3c90,1.522645094,2.575714286
9f2e58bf880157b2,2.508571429,1.551409753
5014298453caf116,1.92035428,1.87383762
2037295b161c8269,2.512857143,1.551395446
00ecb8ea731e64d6,1.519243878,2.624285714
a829493aa8d25e3c,1.210330916,4.82
9984333d8933dd58,1.591997137,2.48
ab341b7bb01cdc89,1.511668681,2.675
9c354bd6ea1bf25a,1.433903094,2.857142857
f817a161eb72e685,1.945165945,1.854140787
95ca100d6bf829b2,1.496957577,2.641428571
f7e5e9fdcbff28b3,2.14,1.71345661
704e1351a64581ed,1.532489305,2.558
46c74829fb4c2dd5,1.420850605,2.912857143
8787d56f59bfb4c3,2.29,1.640409225
ec618a1214d4b171,2.58,1.53831297
635763ab6b5f0bf0,1.95346516,1.868921057
1a0b90c661fd603e,1.500533665,2.672857143
8f301d4eb8e97449,1.645255607,2.307142857
d87755257628de36,1.907418637,1.878936283
ebf204638524c377,1.911559312,1.868605638
0a5d29e380f1e3e0,1.420735222,2.881428571
d2ce61c578e67067,1.452245852,2.785714286
2a9755f4d43f3e2f,1.38040468,3.1
68b3222e977a6a11,3.264285714,1.352387807
5e3f46e6f46d5a90,1.925469975,1.882796007
82ad4eb50b3d7bd0,1.32596811,3.504285714
6a32cabbcd9b1e42,1.803238894,2.028911565
fdb7377a34603e47,1.467129769,2.836666667
83ea3c36a6f91cb8,1.473399954,2.751666667
e76c3346ad9be24a,1.590421634,2.45
8b87b341bcd130ee,4.725,1.207166715
0ed093f6aaab94d3,1.704290059,2.188333333
8d886fba9328269c,2.225714286,1.680574407
15cae38f1326adfb,2.228571429,1.679945895
3e0301367e511512,1.44545197,2.854285714
71bcafd04decc8ce,1.184123658,5.284
256aacb8cb2c4289,1.367306993,3.286666667
552973c278f08fbb,2.493333333,1.585075065
47b690fb54f2eaf9,3.06,1.395330704
3d16f99de58b9d0e,2.35,1.628953194
7206d0aa1d53e518,1.565923431,2.508333333
d2287a9cfb6b9b07,1.722466156,2.15
a1b035662f43aae2,2.466666667,1.574257816
ee85a66d86490f83,3.145,1.381308815
f5686732b85adafc,1.787984206,2.005793651
6e574bd614afffd9,2.456666667,1.58941564
dca074896265f816,1.499914071,2.664285714
dee976dde74e7e05,3.807142857,1.277421028
a2be3b3f9739d0af,1.452673561,2.826666667
dca2a0eb4cd3deac,1.392672977,3.09
c4bbae7615545c85,1.704169467,2.158571429
42a361f33cbb8d6f,2.455714286,1.573958371
37d988593cb5f14a,1.371566971,3.14
1de579eecc094c8b,2.42,1.588396897
94a3e3df3d28d8f0,1.772599092,2.040340136
ecc80630494d402a,3.084285714,1.380554361
f0d86420d88ca27b,1.346379356,3.352857143
ecc41acbd699812a,1.35435083,3.325714286
77785292d4df807c,2.078571429,1.761491527
ed6a02c8dcc6f922,1.615413146,2.372857143
e87b5c403533b057,1.217314606,4.493333333
e7ace0544d5ab596,2.931666667,1.425221992
33c8395139de7551,1.920642839,1.874362274
965989097794b22b,1.403541047,3.025
fbc7d73f7bf60b9c,2.801666667,1.460609786
b13e3620949300c5,3.233333333,1.36962987
df42fd9af4740d24,1.38060443,3.155
f327f8e59acfab1b,1.665597199,2.29
de7eec13356baebe,1.969325643,1.83692348
65b4d4be2d04bb34,2.15,1.721730231
075be81e3f92c2bf,1.623938986,2.352857143
91bb64656e13a1d4,2.193333333,1.712697115
89cb6801b51f2216,1.929855072,1.871290545
986bc0ce25dac848,1.437174379,2.875
dbfac95047e7b33a,1.966756514,1.83940409
ba5b23e7ef308883,3.615,1.309703369
a245b4d0a7861fb8,1.767107584,2.073333333
ab8b506dd2277da3,3.133333333,1.383037608
dc58af0c02a42743,1.624426859,2.388333333
4abf375aa97364f6,1.464219553,2.808333333
9a71dc94152a76ac,1.405006688,2.9925
a60ba933a7ea898e,1.394997214,3.112
6963c65b49e47277,2.936666667,1.440204446
791b8b3a475487e9,1.399428916,3.028571429
c1843fa8f113d321,1.88315014,1.898806163
95f136c07f9834be,1.48853383,2.671428571
20aa994cd23074b9,1.853458025,1.930823383
ae3ab5d1892153ef,1.299276507,3.655714286
6b7033df94818cee,1.340396156,3.35
ce6f4d06fe5b51f3,1.272661562,3.98
d1cda3a0c148b725,1.370514816,3.266666667
65ce293c20bd25e2,1.345505719,3.348571429
d2246624da1c4e38,2.281428571,1.656601754
87c73e2086214b5c,1.388968827,3.108571429
062816ff1b591bbb,1.657319559,2.263333333
6ac1478baeddaae8,3.118571429,1.378266176
5b6796a9194d339b,1.351363252,3.295714286
e4b5f0358ce7bad4,1.531459269,2.571428571
ae07b35f2797242e,1.96634659,1.826287549
fec8b9760d6bb235,1.296891971,3.657142857
72372c31dee3cadc,1.550182691,2.512857143
76e6177c401f2176,2.7775,1.497144632
d5e7fe1f5035505c,3.228571429,1.35847266
2dd864ec1a1a4031,1.270895935,3.99
0f461c4ddf70eff9,1.311195129,3.658
f825e17e7a1332cd,2.692857143,1.495038954
3ce9e07f51239edd,1.414177639,2.981666667
1fa6d636d283ac84,2.438333333,1.59602084
de2513c984996c8c,2.815,1.456495938
d59b40be94d5a609,1.480449783,2.733333333
16b0e962beb6d15e,1.995818182,1.832032702
bbbb4c62c35f5390,1.765356542,2.078333333
67afd8e69820ffa0,1.788495685,2.037063492
f06030bf27ebe337,1.362686857,3.283333333
4186686dbd9957cd,2.806666667,1.458980569
08602f790f09d949,2.538333333,1.562239646
42536a8cf2eda678,2.221428571,1.67540291
18b31990d1808419,1.651272339,2.298333333
560cec2acc9b0a13,2.715,1.481298991
04193f1fff93ddb1,1.243386243,4.125
e595cb4bfc26193b,2.33,1.636913889
a8cf22bc7d05c0a1,1.595771898,2.436666667
42e7cc48c31d8f29,1.349748354,3.375
e1563825c36aad26,1.546582297,2.555
077667e3aaf314db,3.143333333,1.384351491
376beb49aadb06d6,3.584285714,1.311525908
2a28ce0035468735,1.384233121,3.108571429
dd3ea525fe1898f1,1.227561606,4.24
dc2a3aeac1441991,2.55,1.548597459
04d97700dbdaef5e,2.583333333,1.537326652
89d39663ff1b890e,2.751666667,1.476568405
a1f4a5fcef50915b,1.265693747,3.856666667
774f7eed6b0180be,2.79,1.464301777
c67473192bda50d8,1.292158112,3.775
60d27c73e4a20318,1.259689365,3.916666667
28f57f60a46654f6,2.851666667,1.461530579
70e78fcf793bc82b,1.344470264,3.383333333
bb70048e290f4a86,1.903758078,1.893340235
de78bdd8c734e8ab,2.994285714,1.407849851
60f3232bc7a73b15,1.573925997,2.492857143
28b405fe1552ccad,1.324478854,3.586666667
8348ff428d1687ab,1.592110761,2.415714286
6d3655c731347f94,1.514585648,2.607142857
5aef2af22f5f2fbd,2.028441558,1.78516132
6d83de8d54f75ffc,1.532066507,2.565714286
eb6a55ee772dd722,2.227142857,1.674532345
81ec228bf7af0fc1,1.489743319,2.7
6f0dc5319bf900dc,1.996655437,1.823841053
eb8e4c57d131fb46,2.009926152,1.810841374
520de85f6d492264,1.924190164,1.881426363
f0e299c134cbac37,1.306032517,3.676666667
12b94f0229c30ead,1.20733065,4.631428571
9c3c0818f0c32768,1.245857468,4.226666667
4cc8bef7c487cf9d,3.873333333,1.286851083
556952a9520d0ae0,1.242166505,4.112857143
6299412d7bbfbce6,1.285682876,3.791428571
3d1a835c15fd8cb2,1.699277572,2.194285714
b0cfaf01a155985b,1.814100606,2.005221219
6617170d3659b175,1.680949354,2.256666667
7956ae951020ce8c,1.473229024,2.796666667
727c8004faed648d,2.158333333,1.730763357
c553753c64379c39,1.762803261,2.103333333
9cf91ae875d886df,1.383634795,3.185
07df55cb3cc0ec30,1.45300294,2.77
57622ac93e8d8900,1.203640879,4.635714286
33005a28b1226d15,2.685,1.48834256
ba0b95898baad200,3.476666667,1.328254154
2ebfb072b178649e,1.23275345,4.188571429
7240a9432bf2af67,3.678571429,1.296433231
1b0887e7533b9b49,1.571584189,2.471666667
35e23b1917b59132,2.67,1.495427769
a1f9a28339f5e1b2,1.852723871,1.927138081
e9fc9dcc549c7f3b,2.82,1.443007717
cd0bc692a7bce9e7,1.860739502,1.908220847
29bf7862fb1c28d6,3.043333333,1.393076976
9a18479792f990f7,2.343333333,1.619760168
b3a0fc0a945a31f7,1.261202915,3.9
06db48a74d81a15e,1.760461261,2.071666667
1878e37418f1dfcd,4.008333333,1.257369024
65ac65daa51720e2,4.231428571,1.231544391
44e24628e8eda0b1,2.418,1.603344748
9f69f6420f21080a,4.263333333,1.234982556
65270a16c25b59ad,1.518390235,2.624285714
6dc666fd76a3b280,1.863559493,1.939559557
c1039954c3457fe7,1.334924069,3.446666667
60be440e54760b40,2.417142857,1.592242038
daa06084bcc66645,1.19293692,4.684285714
16da233dcf7fecc8,1.572137138,2.467142857
91daeeeea0a83e49,2.195714286,1.68746955
6cc8c21becd17ffa,1.913535802,1.87614253
6b3038fe26a57b80,1.346263954,3.337142857
4289bcb551b07bc1,1.466843245,2.76
70ddd13934e6c0e9,1.401473643,3.008571429
41f186bffee2bb29,3.122857143,1.383610834
5ad0a7ec5e99955b,3.08,1.392826012
0212461ac95ae690,4.195,1.223268182
4d6f492092d827cf,1.479562698,2.728571429
29a1ed2c88c34fe0,2.751428571,1.464115376
d8287db48ec356df,1.668657899,2.235714286
ec20620c294a49a4,3.015714286,1.401926915
a0d1be5413e301dd,1.248613547,3.948571429
65171ae917df102f,1.422233347,2.935714286
137d7dea41cacdc6,1.353647114,3.363333333
d5d6ae85ebcfd160,1.949913043,1.867163488
34c6c06ba60a9ade,4.92,1.187742978
be79dafe6c0b7671,1.831407041,1.993392809
50ebe7915d9f0cab,1.54255893,2.565
8f4a445ccb548f15,1.625919234,2.354285714
ba2f30fb7143a6b1,2.098571429,1.743141205
9468f58f8abf78df,1.471011292,2.755714286
87cc38e9d565f819,1.744198591,2.115714286
de41ca23c9a13bfb,1.502198185,2.678571429
e516a0e035fd57f7,1.16499785,5.536
48ac0e2cf3681cca,2.515714286,1.555509962
c299ca1bc07857d5,1.348461507,3.344285714
04df2fbb108b23c1,1.681077729,2.227142857
27593cd1cda3cc2f,1.854793213,1.970800866
eb3093e235f048c8,1.313363874,3.67
68ac97071275099f,1.237461222,4.368
096d656048f85b18,1.259490143,3.964285714
03938272fb7c3971,1.854220796,1.939256177
475c55534f9e08ee,1.213582564,4.418571429
345f0bd50451a321,1.243036899,4.085714286
a39286bf0a443ff0,2.915714286,1.420988306
23243c27deb4d596,2.197142857,1.688480922
0fd5485e64712df9,1.357103353,3.252857143
74773b56e0b31c6b,1.382667377,3.107142857
09c1d4c96efd0545,1.292475288,3.741428571
295c2e1ae2d54287,2.04462585,1.784883858
5169aaf0ce80d1f8,1.579600853,2.464285714
aa4aa75f0065a687,1.914635655,1.893096703
1fb62d8192128dc1,2.631428571,1.503793608
7036a87673c98a13,1.211634859,4.487142857
9d379b41d86d7c7f,1.336226315,3.385714286
7b1d63d0e3e12804,1.591881365,2.42
8938fad6ec08499d,1.223240463,4.305714286
15b62b191eb6dacf,1.327229461,3.46
6265ffd51a18ff21,1.479295575,2.734285714
8782dca7c99717a6,1.478220113,2.74
c8fbe7ade97e2055,3.045,1.419939923
fa3294fe655440dd,3.542857143,1.317335643
e7da014d4dfc5bf3,1.440563354,2.88
89cc8f4a69e9ea0e,1.19699955,4.952
1f70cf05ec46f065,4.125,1.240751776
0f5f1f5828ebd9c5,1.656741525,2.29
11141cf97c6156b6,1.419070134,2.966666667
be5cdd4872fbd0b7,2.371666667,1.620632662
35cfe0b894b93332,1.636399211,2.33
558b54d28a662cca,1.505305562,2.675
fdc82a98c68588c4,1.225139266,4.335
5dc4552c9288441a,2.441666667,1.593532221
a7fca585b4fd4255,1.350108138,3.383333333
b4daedb1e0c4ee02,2.685,1.501858462
032a61c6f9439b1d,1.597503395,2.446666667
1fa175b6a35e95e2,1.526114757,2.586666667
38591fb67eb2a6c3,1.652640436,2.272857143
eb5b6287ba73640d,1.469159,2.752857143
d7d7c9ce3d812eca,2.161428571,1.707059299
8af87933e6409e24,2.33,1.631859458
3f7c7917a57d2782,1.289826152,3.777142857
fde66b153c65e25d,1.394241365,3.126666667
9cb967c62498ff02,1.251461381,4.121666667
cca58aece2816dd1,1.288817805,3.8
8133b11f2b7ad634,4.653333333,1.210058738
181ce41897b37352,1.182242626,5.068571429
8bd1f8cb9aa06dcf,1.903526186,1.877700045
425e856cac6f521b,1.373902208,3.145714286
cdedc8f026307dd7,1.508159432,2.618571429
d7f151f529543431,1.278070425,3.814285714
6aa873e65d880322,1.527860573,2.571428571
765a1fde5ee12784,1.592289732,2.402857143
3542b1fd47163fcd,1.457159875,2.801428571
f914dd2414f9a0ae,1.499523753,2.658571429
008d1123cc90f003,1.523607621,2.598571429
e2433610f128d963,1.211041046,4.692
14b450e4ff3c5b97,1.69030063,2.191428571
b16534d6bb279b2a,1.240819667,4.08
a730a20ab0c61499,1.744757899,2.087142857
9274af24eb96e4b1,3.215714286,1.365030706
24d92c89c893db42,1.334896682,3.401428571
5f4284409503d874,1.331564193,3.408571429
a369d5ca5aef8b25,1.226986198,4.301428571
80538f958af30aa0,2.914285714,1.423193392
63ee688385bf7c69,1.391890655,3.08
21d2958e13389511,1.268254368,3.96
8a660069ae42edc2,1.739032845,2.098571429
1a28928b8d7b4c11,1.833094513,1.968025772
f19a56ecc6c150e3,1.721515753,2.134285714
baf123a5b5fc674c,1.483912897,2.701428571
3ce9fb5e3bdee7b0,1.227499597,4.3
8aefe4de7a490de6,1.308004338,3.68
f141416b02a31f4e,3.095714286,1.388217723
040f9c9b470f3e6b,1.285946974,3.908333333
332432834ece3bc7,1.216432,4.468571429
9574c1ed9ad25816,3.222857143,1.36880072
ce05150d524a1829,2.211666667,1.70907517
0583a3d402bed6e4,1.760671834,2.113333333
3ed2190f1d604432,1.461495642,2.774285714
7360ec204d4e0e10,3.122857143,1.377528759
77862f580ce9bca8,1.423047586,2.917142857
b7799cdf8a6470ea,2.277142857,1.651209996
e623355d7f897b92,2.087142857,1.746908206
92030ef8b5796b0a,1.151033801,5.615714286
da876a1ab4b8eb48,1.251094626,4.007142857
30d0cab706e43838,1.287864421,3.764285714
3ca05de15ddd658b,2.184285714,1.696874255
3fad8fd8b6e4465d,3.174285714,1.372255368
48c6c45d9628bb79,1.704009574,2.167142857
42a353676554ecf2,1.27805195,3.767142857
9eed1b277c76f576,3.155714286,1.374088931
8208afe1e52b02e9,1.856001696,1.940633979
f0666193c544be4a,1.253743351,4.015714286
bc7743819590b193,1.360680056,3.238571429
0f22781ab4635414,2.167142857,1.702079599
db690563ae7fa070,1.323741696,3.47
5254658d4e4126c9,3.174285714,1.37095692
78294f5d5e0f2b13,1.59306421,2.418571429
39e7bb2a0842b8a1,1.29471433,3.705714286
421842986f10851e,1.710205435,2.155714286
10f54096561f587d,1.2652759,3.955714286
a117805ab030b194,1.574902518,2.458571429
f754d17d5047d536,3.723333333,1.290990829
52f77a9f9eb66ab7,1.243044612,4.168571429
2f5ced39b8208e46,1.22760137,4.258571429
50ffbc85d3c50604,2.254285714,1.667803483
89820fae001dd151,1.738817607,2.138
73fd4982ef7aae44,1.427804648,2.935714286
30c574f33700010a,2.295714286,1.641110343
206db35805bb83dc,1.736458482,2.12
b28aad0fdc0b8cc0,1.233080731,4.12
21ebc940f3dfde82,1.604894781,2.36
c302f24082239f82,1.974161491,1.808604635
72481ce1897251cd,1.350345088,3.235714286
9821faf6a5d6fd0d,2.271428571,1.642424171
25783a9abbfee4fc,2.864285714,1.426939715
381b2df85ac06615,1.316553681,3.487142857
9a3908ab337c5f3f,1.456740593,2.74
6e85d8d17c3eed58,1.277859533,3.77
f182b13c6e07dfb1,1.543441573,2.535714286
e094423979fc7c6a,3.925,1.278479774
d6d812269487071e,1.408606774,2.981428571
70995170c27c4143,1.585557625,2.435714286
fef109b9f26585b3,2.5,1.559604993
fd0c847858bd346f,1.49630698,2.65
76d18b94f580be6e,1.491597745,2.662857143
e03ec6b24fca2386,1.364137129,3.202857143
8abe79e6d300b639,1.213002202,4.52
dbe53d31f4c1ccf7,1.994563739,1.82060501
69d6d58d58cb81e3,2.941428571,1.423287463
92d0c39f0df77c7e,1.380606103,3.137142857
834968d130e1f0e9,1.202884707,4.873333333
7bb603674999e675,2.84,1.439490606
f126491f024c1563,4.761428571,1.193290224
0be68308b5d63a47,1.460152788,2.762857143
0695d1f42b1550a2,1.829594172,1.966042417
977e37adadd1b8ad,1.760776181,2.066054422
11e7f12ecb2d1597,1.341797914,3.371428571
b2a91be41c3233cd,1.178304807,5.08
c715c165cb3469d2,1.180816197,5.058571429
26cdaf7cf575f656,3.168571429,1.371838259
f4bdf10856c1760e,1.745847287,2.087142857
37e0251af7b18742,1.302203522,3.612857143
be7b9301e7c689c1,1.29137507,3.72
8360accf6f70ebc4,1.723082792,2.13
0071c5d16e6e07f6,2.24,1.666569184
fc91f1e448f35797,1.555129751,2.501428571
77c1e127c1be9983,1.268559429,3.948571429
d391ca8154bcf507,1.940547901,1.84937332
90d50fb7e2bf789e,2.512857143,1.554879788
7a37fd92b26d15c8,1.61058423,2.38
fd230ba169b3f2b6,1.468349127,2.746666667
e8a167bb84082832,2.965,1.410177383
7a4e5bcd7336d203,1.204924334,4.566666667
ca263e46051261e2,1.823428429,1.963840455
c63a050af0692daf,1.631039937,2.328333333
e7861d4e2b29193f,1.267189622,3.871666667
ba75be28158d424c,2.284285714,1.654281808
81c5c897717a1ef6,1.217690487,4.638333333
e0df5f84686586a1,1.505296308,2.661428571
796a7e1fa80af990,1.213433065,4.461428571
a7e1e349980063c9,1.442392694,2.832857143
cc3e0c5a0f868502,1.5,2.6
b616969d55fb2d7a,2.923333333,1.425061395
181429d8227794cb,1.305791266,3.622222222
e38d7761a92e1bf9,1.276620409,3.971111111
207f105716df54f9,1.816471395,2.018343987
54afe8c42e2062d6,1.537563647,2.606666667
5c827dd56a08f700,1.637089056,2.347777778
fe49ef11584415d0,1.353319413,3.372222222
d4d6c5ff6bef93ce,5.615555556,1.158898407
419d8143afbcd61c,1.243499833,4.292222222
c1bfbf5447f21f37,1.304334967,3.717777778
53efc226c8eaf768,2.401111111,1.614438928
23a75c0338d25abc,1.710532891,2.201111111
da7d7b4f20cd2af5,1.6036157,2.422222222
23fd9d50a99665fe,1.763962236,2.107777778
e8f499827178a321,1.962627902,1.860653611
6275b448b6c35f1f,1.807519928,2.041062802
cd55220a7b1378c4,1.462386226,2.812222222
bb56f4e502512ad0,1.282050333,3.857777778
c97e99ca5422f03b,1.735685561,2.142222222
05065fa2bc3693b4,1.482976575,2.74
f963d716384153ff,1.421195111,2.963333333
e5461559114e30ff,2.576666667,1.544310726
15aced6a6a61df90,1.750399426,2.13
d20dc2d68305fc31,1.304322954,3.693333333
f281a6775bccb8df,1.302501749,3.693333333
d5149f02b1ee7dc6,3.223333333,1.375608913
f602cc168383432f,1.962376425,1.860541993
1dfbdd569585812f,4.397777778,1.235188764
77185ff8b4dade6a,2.481111111,1.583006854
0f85a1d9ce42d13e,1.099879531,7.668888889
98301c092f00cb01,1.790534328,2.061111111
766dc3c5592b4d0d,1.699451078,2.223333333
27a6a6d4e3f8be75,1.382101447,3.173333333
391d458db6dae33b,1.053719858,11.175
08af25ef4252b138,1.058966838,10.71111111
d3ccf71e68480007,3.482222222,1.331456345
6ec62f8822843edf,1.132115458,6.35875
c5ce4f39269c842c,1.899674436,1.907748638
454861874ecc52d7,1.324006424,3.526666667
d2591df4fa9cc44e,1.328198434,3.498888889
4bf6b6904ec94421,2.08026455,1.776257266
4ace70bff9debdfb,1.205727368,4.775555556
8d9c71e110196262,2.001226342,1.829661063
613a288e8819fead,1.592208933,2.453333333
e5a88d0e816fd0f1,1.480719693,2.738888889
05c8aeb2806be99c,1.174925898,5.326
bc6100e6dd239db7,1.224975039,4.523
969970fbe24945d0,3.105555556,1.395541446
1cbb930fb77a3781,1.968099445,1.856318313
9c884cbc3791bf60,1.217867826,4.589
812ff38f0ed409ca,1.15155127,5.79
315b6e91a0239148,1.384990233,3.125
bb9020ac324fb706,1.289825783,3.764
0596fc5eba5c1fe0,1.302068537,3.679
b43dfe6743160a66,1.218191758,4.567
23253ebb1d86d8b4,1.147162151,5.936
0bb419537705fb04,1.307851685,3.594
1e5c66d12761d4fe,1.700401178,2.202
f26657d5018ee428,1.855422323,1.949657877
0ac25b4180406ca1,1.332578792,3.422
d1bee15e60ee6721,1.212605957,4.557272727
88f36fa2945ccac5,3.54,1.315988126
34c39a5a5917e0ec,1.396315912,3.046363636
c8609059d2d87724,1.695764359,2.193636364
dd0c8e9880c6fa24,1.453349181,2.788
2f1f16c86a8cc6e2,1.483642086,2.727142857
1b0fa021b1158121,2.974545455,1.413896058
8238f9d2fd961757,2.485,1.572347664
f23e2bed86b62462,1.575380387,2.471
9444cfe0c7c0f6a7,2.331414141,1.681064936
829b3ee4145a1ae6,1.928707605,1.874975079
eab7b76e177e1903,1.140240781,6.103333333
cd117bfce747184f,1.751634579,2.101818182
c1677875a80c2584,2.203636364,1.695087157
1c6d3ef6beb9966e,1.118769578,6.725454545
cc73c73e6e3412d4,1.634732258,2.316666667
c65f4b4c0338d0c1,3.885833333,1.271995909
ebb685a81f65ce1b,2.300833333,1.638682701
51db35a3cf225bda,1.405327409,3.0025
8da5849a6e7307bf,1.184022116,5.0175
c6b040021b4ceb0f,2.266666667,1.662923886
d22c19fd92426567,1.953281558,1.851247569
e0d92694d8a2d38b,1.518230261,2.623333333
9bfda7c26578aaac,2.527272727,1.553157851
87126427cfcaee52,1.489839985,2.719
d9a797f632686568,1.700035902,2.1925
470a3c1b89504258,1.424200241,2.981111111
c2bcdcc472228768,1.384083207,3.12
f0ca713121289d24,1.477501064,2.738333333
16a05f3c4a765f65,1.815444267,2.005683452
e4bbec619aa04dea,1.323057363,3.448
